"Guid","AC_Def","DC_Def","Attr","Hidden","Name"
"06cadf0e-64ed-448a-8927-ce7bf90eb35d",,,"1","True","Processor performance increase threshold"
"06cadf0e-64ed-448a-8927-ce7bf90eb35e",,,"1","True","Processor performance increase threshold for Processor Power Efficiency Class 1"
"0cc5b647-c1df-4637-891a-dec35c318583",,,"1","True","Processor performance core parking min cores"
"0cc5b647-c1df-4637-891a-dec35c318584",,,"1","True","Processor performance core parking min cores for Processor Power Efficiency Class 1"
"12a0ab44-fe28-4fa9-b3bd-4b64f44960a6",,,"1","True","Processor performance decrease threshold"
"12a0ab44-fe28-4fa9-b3bd-4b64f44960a7",,,"1","True","Processor performance decrease threshold for Processor Power Efficiency Class 1"
"12fd031f-53d2-4bf4-ac6d-c699fc9538c7",,,"1","True","Hybrid containment zone important utility percentage"
"1a98ad09-af22-42ca-8e61-f0a5802c270a",,,"1","True","Processor Restriction Count"
"1facfc65-a930-4bc5-9f38-504ec097bbc0",,,"1","True","Initial performance for Processor Power Efficiency Class 1 when unparked"
"2430ab6f-a520-44a2-9601-f7f23b5134b1",,,"1","True","Processor performance core parking concurrency threshold"
"2ddd5a84-5a71-437e-912a-db0b8c788732",,,"1","True","Processor performance core parking increase time"
"36687f9e-e3a5-4dbf-b1dc-15eb381c6863",,,"1","True","Processor energy performance preference policy"
"36687f9e-e3a5-4dbf-b1dc-15eb381c6864",,,"1","True","Processor energy performance preference policy for Processor Power Efficiency Class 1"
"36687f9e-e3a5-4dbf-b1dc-15eb381c6865",,,"1","True","Processor energy performance preference policy for Processor Power Efficiency Class 2"
"3b04d4fd-1cc7-4f23-ab1c-d1337819c4bb",,,"1","True","Allow Throttle States"
"4009efa7-e72d-4cba-9edf-91084ea8cbc3",,,"1","True","Processor performance increase time for Processor Power Efficiency Class 1"
"40fbefc7-2e9d-4d25-a185-0cfd8574bac6",,,"1","True","Processor performance decrease policy"
"40fbefc7-2e9d-4d25-a185-0cfd8574bac7",,,"1","True","Processor performance decrease policy for Processor Power Efficiency Class 1"
"43f278bc-0f8a-46d0-8b31-9a23e615d713",,,"1","True","Long running threads' processor architecture lower limit"
"447235c7-6a8d-4cc0-8e24-9eaf70b96e2b",,,"1","True","Processor performance core parking parked performance state"
"447235c7-6a8d-4cc0-8e24-9eaf70b96e2c",,,"1","True","Processor performance core parking parked performance state for Processor Power Efficiency Class 1"
"45bcc044-d885-43e2-8605-ee0ec6e96b59",,,"1","True","Processor performance boost policy"
"465e1f50-b610-473a-ab58-00d1077dc418",,,"1","True","Processor performance increase policy"
"465e1f50-b610-473a-ab58-00d1077dc419",,,"1","True","Processor performance increase policy for Processor Power Efficiency Class 1"
"4b70f900-cdd9-4e66-aa26-ae8417f98173",,,"1","True","Latency sensitivity hint processor energy performance preference"
"4b70f900-cdd9-4e66-aa26-ae8417f98174",,,"1","True","Latency sensitivity hint processor energy performance preference for Processor Power Efficiency Class 1"
"4b70f900-cdd9-4e66-aa26-ae8417f98175",,,"1","True","Latency sensitivity hint processor energy performance preference for Processor Power Efficiency Class 2"
"4b92d758-5a24-4851-a470-815d78aee119",,,"1","True","Processor idle demote threshold"
"4bdaf4e9-d103-46d7-a5f0-6280121616ef",,,"1","True","Processor performance core parking distribution threshold"
"4d2b0152-7d5c-498b-88e2-34345392a2c5",,,"1","True","Processor performance time check interval"
"4e4450b3-6179-4e91-b8f1-5bb9938f81a1",,,"1","True","Processor duty cycling"
"53824d46-87bd-4739-aa1b-aa793fac36d6",,,"1","True","Short running threads' processor architecture lower limit"
"5ba7419a-295c-4b02-841b-66799388d6da",,,"1","True","WPS minimum efficiency score for small cores"
"5d76a2ca-e8c0-402f-a133-2158492d58ad",,,"1","True","Processor idle disable"
"603fe9ce-8d01-4b48-a968-1d706c28fd5c",,,"1","True","Processor resource priority"
"603fe9ce-8d01-4b48-a968-1d706c28fd5d",,,"1","True","Processor resource priority for Processor Power Efficiency Class 1"
"603fe9ce-8d01-4b48-a968-1d706c28fd5e",,,"1","True","Processor resource priority for Processor Power Efficiency Class 2"
"60fbe21b-efd9-49f2-b066-8674d8e9f423",,,"1","True","Hetero containment policy."
"616cdaa5-695e-4545-97ad-97dc2d1bdd88",,,"1","True","Latency sensitivity hint min unparked cores/packages"
"616cdaa5-695e-4545-97ad-97dc2d1bdd89",,,"1","True","Latency sensitivity hint min unparked cores/packages for Processor Power Efficiency Class 1"
"619b7505-003b-4e82-b7a6-4dd29c300971",,,"1","True","Latency sensitivity hint processor performance"
"619b7505-003b-4e82-b7a6-4dd29c300972",,,"1","True","Latency sensitivity hint processor performance for Processor Power Efficiency Class 1"
"619b7505-003b-4e82-b7a6-4dd29c300973",,,"1","True","Latency sensitivity hint processor performance for Processor Power Efficiency Class 2"
"64fcee6b-5b1f-45a4-a76a-19b2c36ee290",,,"1","True","Processor performance increase time for a containment zone"
"6788488b-1b90-4d11-8fa7-973e470dff47",,,"1","True","Processor hybrid containment concurrency threshold"
"69439b22-221b-4830-bd34-f7bcece24583",,,"1","True","Processor efficiency containment concurrency threshold"
"6c2993b0-8f48-481f-bcc6-00dd2742aa06",,,"1","True","Processor idle threshold scaling"
"6ece9e1f-b6dd-42bf-b1b7-5a512b10c092",,,"1","True","Efficiency containment zone important utility percentage"
"6ff13aeb-7897-4356-9999-dd9930af065f",,,"1","True","Processor performance decrease time for a containment zone."
"71021b41-c749-4d21-be74-a00f335d582b",,,"1","True","Processor performance core parking decrease policy"
"75b0ae3f-bce0-45a7-8c89-c9611c25e100",,,"1","True","Maximum processor frequency"
"75b0ae3f-bce0-45a7-8c89-c9611c25e101",,,"1","True","Maximum processor frequency for Processor Power Efficiency Class 1"
"75b0ae3f-bce0-45a7-8c89-c9611c25e102",,,"1","True","Maximum processor frequency for Processor Power Efficiency Class 2"
"7b224883-b3cc-4d79-819f-8374152cbe7c",,,"1","True","Processor idle promote threshold"
"7d24baa7-0b84-480f-840c-1b0743c00f5f",,,"1","True","Processor performance history count"
"7d24baa7-0b84-480f-840c-1b0743c00f60",,,"1","True","Processor performance history count for Processor Power Efficiency Class 1"
"7f2492b6-60b1-45e5-ae55-773f8cd5caec",,,"1","True","Processor performance decrease time for Processor Power Efficiency Class 1"
"7f2f5cfa-f10c-4823-b5e1-e93ae85f46b5",,,"1","True","Heterogeneous policy in effect"
"828423eb-8662-4344-90f7-52bf15870f5a",,,"1","True","Short running threads' processor architecture upper limit"
"893dee8e-2bef-41e0-89c6-b55d0929964c",,,"2","False","Minimum processor state"
"893dee8e-2bef-41e0-89c6-b55d0929964d",,,"1","True","Minimum processor state for Processor Power Efficiency Class 1"
"893dee8e-2bef-41e0-89c6-b55d0929964e",,,"1","True","Minimum processor state for Processor Power Efficiency Class 2"
"8baa4a8a-14c6-4451-8e8b-14bdbd197537",,,"1","True","Processor performance autonomous mode"
"93b8b6dc-0698-4d1c-9ee4-0644e900c85d",,,"1","True","Heterogeneous thread scheduling policy"
"943c8cb6-6f93-4227-ad87-e9a3feec08d1",,,"1","True","Processor performance core parking overutilization threshold"
"94d3a615-a899-4ac5-ae2b-e4d8f634367f",,,"1","True","System cooling policy"
"97cfac41-2217-47eb-992d-618b1977c907",,,"1","True","Processor performance core parking soft park latency"
"984cf492-3bed-4488-a8f9-4286c97bf5aa",,,"1","True","Processor performance increase time"
"984cf492-3bed-4488-a8f9-4286c97bf5ab",,,"1","True","Processor performance increase time for Processor Power Efficiency Class 1"
"9943e905-9a30-4ec1-9b99-44dd3b76f7a2",,,"1","True","Processor idle state maximum"
"b000397d-9b0b-483d-98c9-692a6060cfbf",,,"1","True","Processor performance level increase threshold for Processor Power Efficiency Class 1 processor count increase"
"b000397d-9b0b-483d-98c9-692a6060cfc0",,,"1","True","Processor performance level increase threshold for Processor Power Efficiency Class 2 processor count increase"
"b0deaf6b-59c0-4523-8a45-ca7f40244114",,,"1","True","Module unpark policy"
"b28a6829-c5f7-444e-8f61-10e24e85c532",,,"1","True","Smt threads unpark policy"
"b669a5e9-7b1d-4132-baaa-49190abcfeb6",,,"1","True","Complex unpark policy"
"bae08b81-2d5e-4688-ad6a-13243356654b",,,"1","True","Heterogeneous short running thread scheduling policy"
"bc5038f7-23e0-4960-96da-33abaf5935ec",,,"2","False","Maximum processor state"
"bc5038f7-23e0-4960-96da-33abaf5935ed",,,"1","True","Maximum processor state for Processor Power Efficiency Class 1"
"bc5038f7-23e0-4960-96da-33abaf5935ee",,,"1","True","Maximum processor state for Processor Power Efficiency Class 2"
"be337238-0d82-4146-a960-4f3749d470c7",,,"1","True","Processor performance boost mode"
"bf903d33-9d24-49d3-a468-e65e0325046a",,,"1","True","Long running threads' processor architecture upper limit"
"c4581c31-89ab-4597-8e2b-9c9cab440e6b",,,"1","True","Processor idle time check"
"c7be0679-2817-4d69-9d02-519a537ed0c6",,,"1","True","Processor performance core parking increase policy"
"cfeda3d0-7697-4566-a922-a9086cd49dfa",,,"1","True","Processor autonomous activity window"
"d8edeb9b-95cf-4f95-a73c-b061973693c8",,,"1","True","Processor performance decrease time"
"d8edeb9b-95cf-4f95-a73c-b061973693c9",,,"1","True","Processor performance decrease time for Processor Power Efficiency Class 1"
"d92998c2-6a48-49ca-85d4-8cceec294570",,,"1","True","Short vs. long running thread threshold"
"dfd10d17-d5eb-45dd-877a-9a34ddd15c82",,,"1","True","Processor performance core parking decrease time"
"e0007330-f589-42ed-a401-5ddb10e785d3",,,"1","True","Processor performance core parking utility distribution"
"ea062031-0e34-4ff1-9b6d-eb1059334028",,,"1","True","Processor performance core parking max cores"
"ea062031-0e34-4ff1-9b6d-eb1059334029",,,"1","True","Processor performance core parking max cores for Processor Power Efficiency Class 1"
"f735a673-2066-4f80-a0c5-ddee0cf1bf5d",,,"1","True","Processor performance core parking concurrency headroom threshold"
"f8861c27-95e7-475c-865b-13c0cb3f9d6b",,,"1","True","Processor performance level decrease threshold for Processor Power Efficiency Class 1 processor count decrease"
"f8861c27-95e7-475c-865b-13c0cb3f9d6c",,,"1","True","Processor performance level decrease threshold for Processor Power Efficiency Class 2 processor count decrease"
"fddc842b-8364-4edc-94cf-c17f60de1c80",,,"1","True","A floor performance for Processor Power Efficiency Class 0 when there are Processor Power Efficiency Class 1 processors unparked"
